City_ID,City,Lat,Lng,Max Temp,Humidity,Cloudiness,Wind Speed,Country,Date
0,ilulissat,69.2167,-51.1,-5.99,86,75,8.75,GL,1697480551
1,bilibino,68.0546,166.4372,-10.58,97,99,1.07,RU,1697480524
2,ukata,10.8312,5.8249,27.4,62,86,2.12,NG,1697480551
3,tete,-16.1564,33.5867,32.05,51,40,6.17,MZ,1697480552
4,grytviken,-54.2811,-36.5092,0.63,77,29,5.14,GS,1697480552
5,dolores,-36.3132,-57.6792,20.91,67,82,7.18,AR,1697480552
6,zachary,30.6485,-91.1565,20.48,43,0,4.12,US,1697480552
7,arraial do cabo,-22.9661,-42.0278,25.92,78,40,10.8,BR,1697480553
8,margaret river,-33.95,115.0667,16.62,43,23,1.61,AU,1697480553
9,anloga,5.7947,0.8973,26.48,83,84,5.73,GH,1697480553
10,qaqortoq,60.7167,-46.0333,1.85,99,100,2.11,GL,1697480554
11,fort st. john,56.2499,-120.8529,6.94,81,100,2.57,CA,1697480266
12,dalianwan,39.0286,121.695,8.02,76,0,1.0,CN,1697480554
13,groningen,53.25,6.75,8.91,87,40,0.51,NL,1697480379
14,praia da vitoria,38.7333,-27.0667,22.09,78,40,8.83,PT,1697480555
15,sucua,-2.4667,-78.1667,27.41,57,75,1.54,EC,1697480555
16,anadyr,64.75,177.4833,-2.72,92,75,5.0,RU,1697480555
17,queenstown,-31.8976,26.8753,10.91,87,96,3.93,ZA,1697480556
18,stanley,54.868,-1.6985,6.55,83,0,1.03,GB,1697480556
19,west island,-12.1568,96.8225,25.99,83,75,5.66,CC,1697480556
20,grand falls-windsor,48.9332,-55.6649,7.5,94,100,4.47,CA,1697480514
21,port elizabeth,-33.918,25.5701,17.4,89,40,5.14,ZA,1697480557
22,waitangi,-43.9535,-176.5597,12.68,89,75,4.02,NZ,1697480557
23,hamilton,39.1834,-84.5333,12.77,75,100,4.12,US,1697480557
24,chernyshevskiy,63.0128,112.4714,-1.08,97,100,2.27,RU,1697480557
25,puerto ayora,-0.7393,-90.3518,26.98,88,92,4.02,EC,1697480558
26,atafu village,-8.5421,-172.5159,28.27,79,100,8.95,TK,1697480558
27,dwarka,22.2394,68.9678,27.22,70,2,4.07,IN,1697480558
28,dunedin,-45.8742,170.5036,7.67,95,100,2.68,NZ,1697480558
29,camiri,-20.05,-63.5167,38.88,19,4,5.14,BO,1697480559
30,brisas de zicatela,15.8369,-97.0419,30.29,54,40,4.12,MX,1697480559
31,kodiak,57.79,-152.4072,6.73,93,100,4.12,US,1697480559
32,bairnsdale,-37.8333,147.6167,8.92,92,80,0.45,AU,1697480559
33,yellowknife,62.456,-114.3525,6.34,100,100,5.14,CA,1697480377
34,saipan,15.1355,145.701,27.39,83,0,2.57,MP,1697480560
35,adamstown,-25.066,-130.1015,21.23,85,57,4.44,PN,1697480560
36,shenjiamen,29.9576,122.298,19.9,61,0,2.05,CN,1697480560
37,edinburgh of the seven seas,-37.0676,-12.3116,12.4,67,7,2.15,SH,1697480560
38,tralee,52.2704,-9.7026,9.74,85,99,4.97,IE,1697480560
39,puerto natales,-51.7236,-72.4875,13.25,47,40,15.43,CL,1697480561
40,isafjordur,66.0755,-23.124,3.02,75,20,5.66,IS,1697480561
41,severnoye,56.3491,78.3619,7.21,58,100,6.71,RU,1697480561
42,klyuchi,52.2667,79.1667,10.07,58,100,5.21,RU,1697480561
43,ducheng,23.2373,111.5317,20.03,68,100,0.66,CN,1697480561
44,gebeit,21.0667,36.3167,25.39,49,0,2.65,SD,1697480562
45,fort bragg,35.139,-79.006,19.08,49,75,4.02,US,1697480562
46,avarua,-21.2078,-159.775,22.03,64,100,3.09,CK,1697480562
47,port-aux-francais,-49.35,70.2167,3.35,85,92,12.25,TF,1697480562
48,xilin hot,43.9667,116.0333,7.75,41,71,3.12,CN,1697480562
49,badger,64.8,-147.5333,2.21,71,75,1.54,US,1697480563
50,hermanus,-34.4187,19.2345,17.1,84,37,6.36,ZA,1697480563
51,plettenberg bay,-34.0527,23.3716,16.34,88,14,6.48,ZA,1697480326
52,tazacorte,28.629,-17.9293,28.42,41,0,2.06,ES,1697480563
53,tiksi,71.6872,128.8694,-11.34,89,96,4.85,RU,1697480563
54,bethel,41.3712,-73.414,17.23,64,100,2.06,US,1697480564
55,iqaluit,63.7506,-68.5145,-3.15,58,20,4.63,CA,1697480304
56,selfoss,63.9331,-20.9971,5.02,75,92,1.01,IS,1697480564
57,thurso,58.5927,-3.5259,10.48,83,58,5.12,GB,1697480564
58,seybaplaya,19.65,-90.6667,28.7,60,100,7.34,MX,1697480564
59,longyearbyen,78.2186,15.6401,-3.09,68,20,7.2,SJ,1697480565
60,mae tha,18.4646,99.1403,23.4,97,11,0.37,TH,1697480565
61,sao bento,-6.2833,-37.75,34.15,22,44,3.09,BR,1697480359
62,bulan,12.6667,123.9333,25.34,87,47,1.28,PH,1697480565
63,lihue,21.9789,-159.3672,26.77,81,20,4.63,US,1697480565
64,port mathurin,-19.6833,63.4167,24.02,87,18,4.92,MU,1697480566
65,jeddah,21.5169,39.2192,29.92,62,0,4.12,SA,1697480566
66,marau,-28.4492,-52.2,22.28,95,100,1.36,BR,1697480566
67,nova sintra,14.8667,-24.7167,25.64,73,61,6.82,CV,1697480566
68,shamgarh,24.1833,75.6333,23.99,60,7,3.51,IN,1697480566
69,phon charoen,18.0333,103.1667,22.74,92,82,2.13,TH,1697480567
70,georgetown,5.4112,100.3354,27.96,85,20,1.03,MY,1697480491
71,al bawiti,28.3492,28.8659,23.49,37,0,2.84,EG,1697480567
72,utrik,11.2278,169.8474,28.29,75,72,8.43,MH,1697480567
73,ad dabbah,18.05,30.95,31.99,16,1,8.51,SD,1697480568
74,porto novo,6.4965,2.6036,26.43,79,94,3.51,BJ,1697480475
75,neiafu,-18.65,-173.9833,24.38,78,20,5.14,TO,1697480568
76,zhangye,38.9342,100.4517,11.55,33,99,2.61,CN,1697480568
77,blackmans bay,-43.0167,147.3167,4.07,87,20,0.45,AU,1697480568
78,port macquarie,-31.4333,152.9167,12.16,60,15,7.07,AU,1697480490
79,bubaque,11.2833,-15.8333,28.09,81,5,4.58,GW,1697480569
80,hawaiian paradise park,19.5933,-154.9731,26.05,88,0,2.06,US,1697480569
81,mareeba,-17.0,145.4333,16.91,93,37,0.73,AU,1697480569
82,bredasdorp,-34.5322,20.0403,16.01,90,52,6.42,ZA,1697480569
83,kalawit,8.0667,122.5167,26.07,83,83,0.89,PH,1697480570
84,port lincoln,-34.7333,135.8667,11.13,76,9,4.83,AU,1697480570
85,rio grande,-32.035,-52.0986,22.06,97,100,4.99,BR,1697480346
86,opuwo,-18.0607,13.84,26.21,14,44,4.66,NA,1697480570
87,pohang,36.0322,129.365,10.69,67,0,3.63,KR,1697480570
88,novyy urengoy,66.0833,76.6333,0.56,94,100,5.11,RU,1697480321
89,haiku-pauwela,20.9219,-156.3051,26.69,72,40,0.45,US,1697480571
90,susuman,62.7833,148.1667,-19.19,89,49,0.98,RU,1697480571
91,mildura,-34.2,142.15,7.82,74,0,4.68,AU,1697480571
92,thompson,55.7435,-97.8558,11.09,66,40,2.57,CA,1697480571
93,ushuaia,-54.8,-68.3,8.81,56,75,5.66,AR,1697480572
94,shippensburg,40.0507,-77.5203,15.5,77,100,5.15,US,1697480572
95,aasiaat,68.7098,-52.8699,-9.03,96,93,1.39,GL,1697480572
96,dongsheng,39.8161,109.9776,11.27,41,47,3.75,CN,1697480572
97,khromtau,50.2503,58.4347,8.69,61,0,3.68,KZ,1697480572
98,uturoa,-16.7333,-151.4333,25.13,80,99,6.19,PF,1697480573
99,cleburne,32.3476,-97.3867,18.35,43,0,7.2,US,1697480573
100,fort william,56.8165,-5.1121,6.28,88,61,0.75,GB,1697480573
101,kailua-kona,19.6406,-155.9956,26.39,82,40,3.09,US,1697480573
102,enewetak,11.3474,162.3373,28.33,77,47,6.3,MH,1697480573
103,kasane,-17.8167,25.15,28.05,47,0,3.09,BW,1697480574
104,darwin,-12.4611,130.8418,24.99,84,10,1.03,AU,1697480574
105,vizinga,61.0749,50.1031,6.68,87,100,3.18,RU,1697480574
106,ancud,-41.8697,-73.8203,11.99,60,6,2.9,CL,1697480574
107,labytnangi,66.6572,66.4183,1.02,98,99,2.52,RU,1697480575
108,takoradi,4.8845,-1.7554,24.76,89,80,5.41,GH,1697480575
109,kas,36.2018,29.6377,22.55,55,0,3.16,TR,1697480575
110,coruripe,-10.1256,-36.1756,26.76,66,33,5.52,BR,1697480575
111,lompoc,34.6391,-120.4579,23.29,85,20,3.09,US,1697480575
112,otelu rosu,45.5333,22.3667,5.36,67,21,1.3,RO,1697480576
113,sitka,57.0531,-135.33,13.94,58,100,4.63,US,1697480576
114,vernon,50.2581,-119.2691,14.61,87,100,1.03,CA,1697480576
115,palmer,42.1584,-72.3287,15.78,64,100,4.12,US,1697480576
116,lionel town,17.8101,-77.2406,31.94,62,84,3.63,JM,1697480576
117,ust-nera,64.5667,143.2,-21.86,99,53,1.49,RU,1697480577
118,newman,37.3138,-121.0208,24.58,53,11,0.89,US,1697480577
119,el amria,35.5244,-1.0158,23.9,44,87,1.78,DZ,1697480577
120,hlohovec,48.4317,17.8031,6.97,50,41,0.77,SK,1697480577
121,guarapari,-20.6667,-40.4975,27.16,76,25,5.14,BR,1697480486
122,christchurch,-43.5333,172.6333,9.11,85,75,3.09,NZ,1697480311
123,bikenibeu village,1.3673,173.1241,28.98,70,20,1.54,KI,1697480578
124,crane,31.3974,-102.3501,20.36,31,0,2.31,US,1697480578
125,lyubymivka,46.8106,33.5686,8.52,57,38,7.36,UA,1697480579
126,punta arenas,-53.15,-70.9167,12.06,50,75,12.35,CL,1697480408
127,al kharijah,25.4514,30.5464,24.58,32,0,4.67,EG,1697480579
128,polyarnyy,69.1989,33.4478,3.29,89,100,13.3,RU,1697480579
129,udachny,66.4167,112.4,-3.64,92,99,1.62,RU,1697480580
130,nagqu,31.5,92.0,0.39,43,100,1.32,CN,1697480580
131,adrar,20.5022,-10.0711,31.46,13,88,0.65,MR,1697480580
132,invercargill,-46.4,168.35,6.12,96,88,2.3,NZ,1697480580
133,nanao,37.05,136.9667,13.51,77,44,1.35,JP,1697480580
134,petropavlovsk-kamchatsky,53.0452,158.6483,7.33,88,40,8.0,RU,1697480563
135,kaset sombun,16.2805,101.9542,23.06,91,55,1.43,TH,1697480581
136,galle,6.0367,80.217,25.68,85,79,1.44,LK,1697480581
137,vilyuchinsk,52.9306,158.4028,8.15,94,100,8.23,RU,1697480581
138,olonkinbyen,70.9221,-8.7187,0.58,83,100,6.18,SJ,1697480582
139,geiro,-6.15,36.8667,21.24,69,98,3.23,TZ,1697480582
140,palangkaraya,-2.2,113.8333,24.78,92,85,0.28,ID,1697480582
141,pacific grove,36.6177,-121.9166,23.55,80,0,3.13,US,1697480582
142,nassau,40.7507,-73.5829,18.38,56,40,4.12,US,1697480513
143,banjarmasin,-3.3244,114.591,25.08,86,91,1.61,ID,1697480583
144,bontang,0.1333,117.5,26.78,86,9,2.91,ID,1697480583
145,tura,25.5198,90.2201,20.32,91,0,1.84,IN,1697480583
146,zouerate,22.7187,-12.4521,33.53,20,96,4.62,MR,1697480583
147,el granada,37.5027,-122.4694,24.16,69,0,3.09,US,1697480584
148,laguna,38.421,-121.4238,27.58,50,0,2.06,US,1697480584
149,stanthorpe,-28.6667,151.95,10.79,67,0,2.19,AU,1697480585
150,vila franca do campo,37.7167,-25.4333,21.23,99,54,7.89,PT,1697480585
151,santo pipo,-27.1413,-55.4087,39.09,28,58,3.63,AR,1697480585
152,wailua homesteads,22.0669,-159.378,26.44,83,20,4.63,US,1697480585
153,grootfontein,-19.5667,18.1167,23.76,14,3,1.54,NA,1697480585
154,harstad,68.799,16.5293,3.78,98,98,1.34,NO,1697480586
155,kruisfontein,-34.0033,24.7314,14.78,88,25,4.42,ZA,1697480586
156,heroica caborca,30.7167,-112.15,33.49,18,0,1.56,MX,1697480586
157,antsiranana,-12.2787,49.2917,23.73,86,39,3.53,MG,1697480586
158,nuuk,64.1835,-51.7216,-1.66,69,0,6.71,GL,1697480417
159,antofagasta,-23.65,-70.4,18.6,69,29,3.6,CL,1697480587
160,meadow lake,34.8014,-106.5436,22.7,31,0,2.77,US,1697480427
161,sayula de aleman,17.8667,-94.95,22.59,87,100,4.13,MX,1697480587
162,comandante fontana,-25.3345,-59.6821,44.79,15,16,6.47,AR,1697480587
163,san patricio,28.017,-97.5169,22.97,35,0,6.8,US,1697480588
164,itoman,26.1247,127.6694,24.01,60,75,4.12,JP,1697480588
165,ribeira grande,38.5167,-28.7,22.65,68,20,7.72,PT,1697480588
166,mandasa,18.8667,84.4667,24.88,75,44,1.22,IN,1697480588
167,moires,35.0532,24.8744,22.42,88,0,0.89,GR,1697480588
168,kloulklubed,7.0419,134.2556,27.94,73,97,2.55,PW,1697480589
169,port hedland,-20.3167,118.5667,26.03,11,0,4.63,AU,1697480589
170,vadso,70.0744,29.7487,2.49,87,75,6.17,NO,1697480589
171,yuzhno-kurilsk,44.0306,145.8556,10.76,75,86,4.57,RU,1697480589
172,brookings,44.3114,-96.7984,14.14,55,0,2.68,US,1697480324
173,bilovods'k,49.2085,39.5897,6.56,80,100,11.12,UA,1697480590
174,al aaroui,35.0118,-3.0045,22.05,68,0,2.57,MA,1697480590
175,kingaroy,-26.5333,151.8333,15.15,42,1,2.45,AU,1697480590
176,childress,34.4264,-100.204,16.14,39,0,0.0,US,1697480559
177,faya-largeau,17.9257,19.1043,32.12,17,98,4.62,TD,1697480591
178,hithadhoo,-0.6,73.0833,27.43,73,24,8.25,MV,1697480591
179,constantia,44.1833,28.65,7.61,54,1,4.85,RO,1697480591
180,albany,42.6001,-73.9662,15.25,66,78,3.73,US,1697480307
181,shenkursk,62.1091,42.896,4.41,80,100,4.47,RU,1697480592
182,morehead city,34.7229,-76.726,19.02,53,0,4.63,US,1697480571
183,afaahiti,-17.75,-149.2833,25.93,84,100,4.87,PF,1697480592
184,yeniseysk,58.4497,92.1703,6.08,70,100,2.24,RU,1697480592
185,richards bay,-28.783,32.0377,18.54,94,100,1.25,ZA,1697480592
186,posto fiscal rolim de moura,-13.0833,-62.2667,36.57,32,39,2.46,BR,1697480588
187,sandur,15.1,76.55,26.28,59,77,3.56,IN,1697480593
188,kapuskasing,49.4169,-82.4331,7.05,75,75,4.63,CA,1697480593
189,malpica,43.3228,-8.8105,21.24,70,89,5.78,ES,1697480593
190,moose jaw,50.4001,-105.5344,18.15,34,40,2.57,CA,1697480366
191,mount gambier,-37.8333,140.7667,7.88,86,47,1.37,AU,1697480593
192,kenora,49.8167,-94.4337,11.54,58,40,2.06,CA,1697480594
193,baker city,44.7749,-117.8344,20.88,50,93,3.76,US,1697480405
194,kingsford,-33.924,151.2275,12.25,59,75,5.66,AU,1697480594
195,birao,10.2849,22.7882,27.13,54,85,1.59,CF,1697480594
196,fort mcmurray,56.7268,-111.381,13.77,58,0,4.12,CA,1697480561
197,arrifes,37.7667,-25.7,20.14,73,40,7.72,PT,1697480595
198,qa'en,33.7265,59.1844,14.4,32,0,1.53,IR,1697480595
199,touros,-5.1989,-35.4608,28.14,60,14,9.04,BR,1697480595
200,merizo village,13.2658,144.6691,27.31,92,86,2.53,GU,1697480596
201,okotoks,50.7289,-113.9828,9.84,67,100,2.8,CA,1697480513
202,garbahaarrey,3.3289,42.2209,28.59,60,91,2.49,SO,1697480596
203,villa gesell,-37.2639,-56.973,15.29,85,94,5.47,AR,1697480417
204,maputo,-25.9653,32.5892,19.82,88,100,2.06,MZ,1697480317
205,shimoda,34.6667,138.95,17.28,73,0,5.3,JP,1697480597
206,jamestown,42.097,-79.2353,11.12,98,100,5.14,US,1697480415
207,am timan,11.0297,20.2827,26.93,61,84,2.27,TD,1697480597
208,port alfred,-33.5906,26.891,16.77,91,92,0.45,ZA,1697480597
209,papatowai,-46.5619,169.4708,6.65,76,97,3.03,NZ,1697480597
210,codrington,-38.2667,141.9667,7.5,78,6,2.44,AU,1697480598
211,eilat,29.5581,34.9482,26.91,36,0,4.63,IL,1697480598
212,datong,40.0936,113.2914,11.54,44,38,1.44,CN,1697480598
213,palikir - national government center,6.9248,158.1611,28.03,75,46,3.03,FM,1697480598
214,st. john's,47.5649,-52.7093,11.75,97,100,8.75,CA,1697480544
215,barra de santo antonio,-9.4047,-35.5072,28.6,64,30,4.91,BR,1697480599
216,whitehorse,60.7161,-135.0538,0.43,100,100,1.03,CA,1697480599
217,popondetta,-8.7537,148.2534,22.61,96,100,1.03,PG,1697480599
218,harper,4.375,-7.7169,25.03,89,96,4.79,LR,1697480599
219,namibe,-15.1961,12.1522,18.46,81,15,2.05,AO,1697480600
220,myingyan,21.4667,95.3833,24.65,81,8,0.43,MM,1697480600
221,pisco,-13.7,-76.2167,21.03,78,20,5.14,PE,1697480600
222,kasempa,-13.4584,25.8338,23.16,63,82,2.6,ZM,1697480600
223,dudinka,69.4058,86.1778,-0.21,74,100,2.24,RU,1697480601
224,waiuku,-37.25,174.75,16.48,87,100,3.16,NZ,1697480601
225,carbonia,39.1672,8.5222,22.53,90,100,1.9,IT,1697480540
226,paros,37.0833,25.15,22.39,80,12,5.82,GR,1697480601
227,kavaratti,10.5669,72.642,28.32,74,69,5.51,IN,1697480602
228,ust'-ilimsk,58.0006,102.6619,1.36,92,87,3.58,RU,1697480602
229,east london,-33.0153,27.9116,16.52,94,75,4.12,ZA,1697480602
230,mecca,21.4267,39.8261,29.25,52,1,1.94,SA,1697480356
231,rikaze,29.25,88.8833,7.62,41,100,1.92,CN,1697480603
232,deqen,29.9618,90.7188,5.51,41,91,1.7,CN,1697480603
233,college,64.8569,-147.8028,2.26,80,75,1.54,US,1697480603
234,masumbwe,-3.6333,32.1833,23.83,57,95,1.89,TZ,1697480604
235,lazaro cardenas,17.9583,-102.2,30.56,66,87,0.65,MX,1697480604
236,bulungu,-4.55,18.6,23.53,90,92,0.58,CD,1697480604
237,novovarshavka,54.1721,74.6946,8.55,88,97,3.77,RU,1697480604
238,hwawon,35.8017,128.5008,7.92,76,0,2.06,KR,1697480604
239,aldinga beach,-35.2793,138.4604,9.8,85,2,3.74,AU,1697480605
240,bereeda,11.8704,51.0579,27.45,75,10,4.72,SO,1697480605
241,qazvin,36.2797,50.0049,16.71,55,30,6.6,IR,1697480523
242,yinchuan,38.4681,106.2731,16.05,47,62,0.73,CN,1697480605
243,pointe-noire,-4.7761,11.8635,25.9,78,85,3.62,CG,1697480606
244,kununurra,-15.7667,128.7333,17.99,45,0,1.54,AU,1697480336
245,tauranga,-37.6861,176.1667,13.86,96,91,1.0,NZ,1697480606
246,bonthe,7.5264,-12.505,27.44,77,61,3.46,SL,1697480606
247,north battleford,52.7834,-108.2847,14.67,66,75,1.54,CA,1697480606
248,muravlenko,63.7898,74.523,3.49,82,89,6.24,RU,1697480607
249,guerrero negro,27.9769,-114.0611,26.51,50,4,3.61,MX,1697480607
250,hadibu,12.65,54.0333,27.68,74,71,2.85,YE,1697480607
251,aral,40.5156,81.2636,16.45,28,78,3.99,CN,1697480607
252,tchintabaraden,15.8969,5.7985,35.28,13,21,3.28,NE,1697480607
253,kokstad,-30.5472,29.4241,9.69,97,100,1.0,ZA,1697480608
254,sinabang,2.4803,96.3801,26.45,81,100,5.51,ID,1697480608
255,hasaki,35.7333,140.8333,14.05,64,0,2.5,JP,1697480608
256,keflavik,64.0049,-22.5624,5.24,81,75,2.06,IS,1697480608
257,tingi,-11.3,35.0333,24.71,45,74,2.49,TZ,1697480609
258,duyun,26.2667,107.5167,15.29,76,2,0.83,CN,1697480609
259,acapulco de juarez,16.8634,-99.8901,29.9,79,100,2.57,MX,1697480578
260,rio gallegos,-51.6226,-69.2181,13.03,33,0,8.75,AR,1697480491
261,al fujairah city,25.1164,56.3414,30.07,74,0,2.06,AE,1697480609
262,broken hill,-31.95,141.4333,10.37,45,0,6.06,AU,1697480610
263,kota tinggi,1.7381,103.8999,28.99,92,62,1.21,MY,1697480610
264,makurazaki,31.2667,130.3167,19.89,64,22,5.15,JP,1697480610
265,fale old settlement,-9.3852,-171.2468,28.38,76,100,9.83,TK,1697480610
266,hilo,19.7297,-155.09,27.01,81,0,2.06,US,1697480611
267,cabo san lucas,22.8909,-109.9124,33.43,67,0,4.02,MX,1697480509
268,aconibe,1.2968,10.9369,20.61,98,97,1.11,GQ,1697480611
269,nerja,36.7585,-3.8873,26.1,74,100,0.45,ES,1697480611
270,kingston,17.997,-76.7936,31.53,74,20,5.14,JM,1697480326
271,talnakh,69.4865,88.3972,-0.44,97,100,2.87,RU,1697480612
272,papao,-17.75,-149.55,26.82,83,100,5.81,PF,1697480612
273,cuamba,-14.8031,36.5372,32.61,25,99,1.76,MZ,1697480612
274,fortaleza,-3.7227,-38.5247,29.07,65,20,7.72,BR,1697480612
275,sabang,5.8933,95.3214,26.59,86,99,11.71,ID,1697480612
276,bartin,41.5833,32.5,9.12,94,100,1.2,TR,1697480613
277,zagora,30.3484,-5.8365,27.2,20,33,1.42,MA,1697480613
278,mahajanga,-15.7167,46.3167,28.01,83,40,4.12,MG,1697480613
279,paidha,2.4167,30.9855,16.05,93,91,2.87,UG,1697480613
280,galliano,29.4422,-90.2992,20.0,34,40,6.17,US,1697480613
281,mbandaka,0.0487,18.2603,23.84,81,92,0.43,CD,1697480614
282,twon-brass,4.3151,6.2418,25.65,85,100,6.5,NG,1697480614
283,brandon,27.9378,-82.2859,22.25,65,75,5.36,US,1697480322
284,laojunmiao,39.8333,97.7333,5.44,50,100,1.69,CN,1697480614
285,alice springs,-23.7,133.8833,11.75,50,0,2.57,AU,1697480614
286,clarksburg,39.2807,-80.3445,12.16,80,100,2.06,US,1697480463
287,san justo,-30.7891,-60.5919,27.19,61,69,6.49,AR,1697480615
288,carnarvon,-24.8667,113.6333,23.92,53,0,5.04,AU,1697480615
289,la passe,45.5549,-0.8967,17.13,52,54,3.61,FR,1697480615
290,belek,36.8628,31.0556,23.32,66,0,2.32,TR,1697480616
291,patong,7.8961,98.2966,30.01,76,95,3.43,TH,1697480616
292,tangalle,6.024,80.7911,25.21,88,72,2.54,LK,1697480616
293,daru,-9.0763,143.2092,24.92,87,100,4.41,PG,1697480616
294,sorochinsk,52.4338,53.1583,11.28,44,0,6.73,RU,1697480616
295,ouadda,8.0777,22.4007,21.05,91,99,0.82,CF,1697480617
296,woodward,36.4337,-99.3904,16.09,44,0,2.57,US,1697480562
297,cherepanovo,54.2222,83.381,6.41,60,100,7.22,RU,1697480617
298,zaozersk,69.4005,32.4476,2.57,83,100,11.09,RU,1697480617
299,illizi,26.4833,8.4667,30.89,20,34,4.9,DZ,1697480617
300,holualoa,19.6228,-155.9522,24.32,82,40,3.09,US,1697480618
301,wakkanai,45.4094,141.6739,7.27,77,100,4.47,JP,1697480618
302,tazovsky,67.4667,78.7,-0.41,97,100,2.5,RU,1697480618
303,el bauga,18.262,33.9081,32.03,17,9,4.62,SD,1697480618
304,parauapebas,-6.0675,-49.9022,31.99,61,40,1.03,BR,1697480619
305,saudarkrokur,65.7461,-19.6394,2.12,95,100,1.89,IS,1697480619
306,sirte,31.2089,16.5887,23.95,60,0,3.94,LY,1697480619
307,challapata,-18.9,-66.7667,19.57,20,21,6.25,BO,1697480619
308,khorixas,-20.3667,14.9667,21.49,33,26,5.71,NA,1697480619
309,idri,27.5,13.2667,24.75,16,0,2.43,LY,1697480620
310,assab,13.0092,42.7394,29.38,72,0,9.88,ER,1697480620
311,det udom,14.906,105.0784,23.9,90,98,3.19,TH,1697480620
312,nantucket,41.2835,-70.0995,16.08,74,100,3.09,US,1697480323
313,vorgashor,67.5833,63.95,1.55,99,100,4.49,RU,1697480620
314,santa maria del oro,25.9333,-105.3667,22.12,48,5,3.88,MX,1697480621
315,lianhe,47.1333,129.2667,-0.17,59,0,2.03,CN,1697480621
316,tuzlukcu,38.4778,31.6264,16.13,56,48,5.01,TR,1697480621
317,harnai,30.1005,67.9374,21.02,32,21,0.86,PK,1697480621
318,phongsali,21.6833,102.1058,13.36,97,7,0.2,LA,1697480622
319,inhambane,-23.865,35.3833,19.99,100,75,2.06,MZ,1697480622
320,victoria,22.2855,114.1577,27.03,66,92,6.71,HK,1697480331
321,pasuquin,18.3328,120.6177,24.97,94,75,0.51,PH,1697480623
322,dakhla,23.6848,-15.958,24.01,73,100,5.14,EH,1697480623
323,nkove,-7.95,30.85,25.76,73,84,0.21,TZ,1697480623
324,el matama,16.7095,33.3565,34.8,18,0,5.1,SD,1697480623
325,okhotsk,59.3833,143.3,-5.49,70,93,9.33,RU,1697480623
326,zaraza,9.3503,-65.3245,33.48,49,76,2.81,VE,1697480624
327,north ward,-19.2454,146.8075,18.95,88,44,1.03,AU,1697480624
328,florida,28.7505,-82.5001,22.12,62,0,5.66,US,1697480566
329,ar rutbah,33.0381,40.2848,20.4,41,0,2.67,IQ,1697480625
330,belyy yar,53.6039,91.3903,2.94,81,0,5.0,RU,1697480625
331,molchanovo,57.5817,83.7692,7.06,77,100,6.44,RU,1697480625
332,al jawf,29.5,38.75,21.64,34,0,4.56,SA,1697480625
333,fortuna,40.5982,-124.1573,17.74,94,100,1.54,US,1697480626
334,maceio,-9.6658,-35.7353,28.69,57,40,5.14,BR,1697480626
335,nar'yan-mar,67.6713,53.087,3.95,93,95,5.81,RU,1697480626
336,mata-utu,-13.2816,-176.1745,27.28,80,78,9.73,WF,1697480626
337,happy valley-goose bay,53.3168,-60.3315,5.17,60,75,11.32,CA,1697480626
338,swakopmund,-22.6833,14.5333,14.47,86,42,0.45,NA,1697480627
339,colonia,50.9333,6.95,9.36,85,0,1.54,DE,1697480546
340,russkiy,43.0147,131.8642,5.44,40,0,7.73,RU,1697480627
341,san bernardo,-33.6,-70.7167,23.47,33,0,2.7,CL,1697480627
342,simpang empat,4.95,100.6333,26.16,88,100,1.09,MY,1697480552
343,chernyakhovsk,54.6335,21.8156,4.71,74,5,3.12,RU,1697480628
344,rib mountain,44.9128,-89.6754,13.14,62,0,3.09,US,1697480628
345,lockwood,45.8191,-108.4149,22.02,45,40,3.09,US,1697480628
346,marsa alam,25.0757,34.8918,26.01,56,0,5.11,EG,1697480628
347,narrabri,-30.3167,149.7833,10.29,54,0,0.45,AU,1697480628
348,visby,57.6409,18.296,9.12,57,0,8.75,SE,1697480629
349,xinyuan,37.3,99.0,-2.82,80,100,2.94,CN,1697480629
350,tabasco,18.0,-92.6667,28.37,74,100,3.09,MX,1697480333
351,puerto baquerizo moreno,-0.9,-89.6,28.55,61,40,4.63,EC,1697480629
352,maracas,-13.4411,-40.4308,27.46,37,7,5.86,BR,1697480399
353,corner brook,48.9667,-57.9484,9.09,87,100,6.8,CA,1697480429
354,ain leuh,33.2921,-5.3384,19.55,38,95,3.04,MA,1697480630
355,nemuro,43.3236,145.575,9.68,67,38,6.83,JP,1697480630
356,lakatoro,-16.0999,167.4164,25.39,86,37,7.34,VU,1697480630
357,chiavenna,46.3216,9.3986,12.54,71,89,0.17,IT,1697480630
358,luderitz,-26.6481,15.1594,18.98,65,0,6.91,NA,1697480630
359,aykhal,66.0,111.5,-3.85,94,99,4.92,RU,1697480631
360,santa cruz,-17.8,-63.1667,36.7,36,20,11.83,BO,1697480631
361,glubokoye,50.1456,82.3114,1.86,87,87,4.0,KZ,1697480631
362,misawa,40.6836,141.3597,10.34,55,18,6.42,JP,1697480631
363,madalena,41.2162,-8.3345,22.32,85,97,2.76,PT,1697480632
364,carqueiranne,43.0953,6.073,19.26,83,75,6.69,FR,1697480632
365,geraldton,-28.7667,114.6,14.23,47,11,2.57,AU,1697480632
366,katsuura,35.1333,140.3,19.44,74,0,2.69,JP,1697480632
367,acarau,-2.8856,-40.12,29.61,61,25,9.39,BR,1697480632
368,vanimo,-2.6741,141.3028,25.1,91,95,1.65,PG,1697480633
369,cooper's town,26.8667,-77.5167,24.25,67,27,10.28,BS,1697480633
370,pirenopolis,-15.8525,-48.9592,35.96,19,18,4.15,BR,1697480633
371,oakdale,44.963,-92.9649,14.12,68,0,3.6,US,1697480633
372,sandnessjoen,66.0217,12.6316,4.06,87,40,5.14,NO,1697480633
373,phan rang-thap cham,11.5667,108.9833,25.24,89,99,1.61,VN,1697480634
374,kone,-21.0595,164.8658,22.75,91,98,2.52,NC,1697480634
375,labuan bajo,-8.4964,119.8877,24.48,76,3,0.93,ID,1697480634
376,gijon,43.5357,-5.6615,20.14,85,100,4.92,ES,1697480410
377,terre haute,39.4667,-87.4139,13.2,73,100,4.12,US,1697480634
378,taroa,8.7058,171.2275,27.84,77,40,4.38,MH,1697480635
379,talara,-4.5772,-81.2719,30.42,51,0,4.63,PE,1697480635
380,sao miguel do araguaia,-13.275,-50.1628,40.0,14,85,3.28,BR,1697480635
381,chinde,26.8418,88.0763,14.39,81,64,2.37,NP,1697480635
382,rongelap,11.1635,166.8941,28.6,74,79,7.83,MH,1697480635
383,matane,48.8286,-67.522,9.37,85,100,6.32,CA,1697480636
384,alofi,-19.0595,-169.9187,21.94,88,75,7.72,NU,1697480636
385,ouesso,1.6136,16.0517,23.16,95,90,0.44,CG,1697480636
386,lesogorsk,56.0458,99.5136,4.96,88,95,3.58,RU,1697480636
387,piterka,50.6803,47.4454,17.84,49,58,8.42,RU,1697480636
388,andergrove,-21.0833,149.1833,17.03,83,45,2.55,AU,1697480637
389,buka,40.8108,69.1986,11.89,36,33,0.5,UZ,1697480637
390,alpena,45.0617,-83.4327,11.14,77,100,6.69,US,1697480637
391,bay harbor,30.1471,-85.6146,19.44,46,0,6.69,US,1697480637
392,mahina,-17.5065,-149.489,26.87,74,20,2.57,PF,1697480638
393,bilsi,28.1333,78.9167,20.65,74,100,1.53,IN,1697480638
394,kanniyakumari,8.0833,77.5667,26.87,83,67,4.63,IN,1697480638
395,ballina,-28.8667,153.5667,14.88,56,19,8.72,AU,1697480638
396,mitsamiouli,-11.3847,43.2844,25.61,85,30,3.29,KM,1697480638
397,bengkulu,-3.8004,102.2655,23.44,96,18,1.71,ID,1697480639
398,strezhevoy,60.7333,77.5889,6.65,96,100,5.36,RU,1697480639
399,wagar,16.1525,36.2032,32.85,43,74,7.21,SD,1697480639
400,choyr,46.3611,108.3611,5.05,50,86,6.39,MN,1697480639
401,caleta de carquin,-11.0925,-77.6267,22.01,75,32,4.55,PE,1697480639
402,luganville,-15.5333,167.1667,25.02,88,34,3.98,VU,1697480640
403,huarmey,-10.0681,-78.1522,23.01,75,52,4.59,PE,1697480640
404,minas de marcona,-15.2119,-75.1103,21.75,56,46,4.48,PE,1697480640
405,puerto deseado,-47.7503,-65.8938,11.91,51,9,4.27,AR,1697480494
406,tolanaro,-25.0319,46.9987,24.04,78,75,3.09,MG,1697480640
407,yurimaguas,-5.9,-76.0833,34.09,49,20,3.09,PE,1697480456
408,kharp,66.8014,65.8081,1.82,100,100,1.76,RU,1697480641
409,horta,38.5333,-28.6333,22.23,75,20,7.72,PT,1697480391
410,flying fish cove,-10.4217,105.6791,25.82,88,100,5.14,CX,1697480641
411,itigi,-5.7,34.4833,28.62,28,100,2.45,TZ,1697480641
412,la sarre,48.8002,-79.1996,10.88,52,26,5.18,CA,1697480642
413,ola,59.5833,151.2833,2.86,91,100,3.02,RU,1697480642
414,sheridan,44.8333,-106.9173,24.06,48,0,2.06,US,1697480642
415,lebu,-37.6167,-73.65,12.41,68,0,9.32,CL,1697480642
416,rifle,39.5347,-107.7831,18.54,36,0,0.89,US,1697480643
417,zalegoshch',52.9008,36.8869,6.83,89,100,5.6,RU,1697480643
418,vila velha,-20.3297,-40.2925,27.97,81,20,6.17,BR,1697480608
419,sao jose da coroa grande,-8.8978,-35.1478,26.93,64,48,6.19,BR,1697480643
420,kisoro,-1.2854,29.685,14.52,96,100,0.37,UG,1697480643
421,saint-pierre,-21.3393,55.4781,24.82,78,40,0.0,RE,1697480644
422,savannakhet,16.566,104.751,22.05,88,98,2.73,LA,1697480644
423,alappuzha,9.49,76.3264,26.57,82,76,1.61,IN,1697480644
424,alta,69.9689,23.2717,2.59,70,75,6.17,NO,1697480644
425,coxen hole,16.3244,-86.5366,24.6,100,75,1.03,HN,1697480644
426,roma,43.2128,-75.4557,16.08,71,75,5.66,US,1697480645
427,okha,53.5739,142.9478,6.19,95,98,4.79,RU,1697480645
428,javanrud,34.7961,46.5172,13.85,63,1,1.97,IR,1697480645
429,zhezqazghan,47.7833,67.7667,9.79,51,4,3.7,KZ,1697480645
430,awjilah,29.1081,21.2869,24.04,41,0,3.24,LY,1697480646
431,macau,22.2006,113.5461,26.89,69,20,6.69,MO,1697480646
432,cole harbour,44.6724,-63.4751,13.17,83,100,5.66,CA,1697480646
433,kragero,58.8693,9.4149,7.47,62,65,4.53,NO,1697480647
434,callao,-12.0667,-77.15,21.16,73,75,2.57,PE,1697480647
435,iwon-up,40.3231,128.6553,10.23,43,0,3.9,KP,1697480647
436,mount pearl,47.5166,-52.7813,11.29,97,100,8.75,CA,1697480367
437,la'ie,21.6477,-157.9253,26.73,85,65,0.89,US,1697480648
438,puerto aysen,-45.4,-72.7,9.95,81,87,1.65,CL,1697480648
439,saint albans,51.75,-0.3333,10.64,79,100,4.12,GB,1697480631
440,nikolayevsk-on-amure,53.1406,140.73,7.57,94,100,2.14,RU,1697480648
441,hanwella ihala,6.9012,80.0852,24.03,94,92,1.42,LK,1697480648
442,argo,37.6333,22.7333,20.99,63,97,1.08,GR,1697480649
443,"laikit, laikit ii (dimembe)",1.4792,124.9735,21.47,94,20,0.51,ID,1697480649
444,glace bay,46.1969,-59.957,11.03,96,100,10.29,CA,1697480649
445,santa terezinha,-29.9002,-50.0904,19.25,99,100,3.83,BR,1697480650
446,sao gabriel da cachoeira,-0.1303,-67.0892,30.62,61,91,1.27,BR,1697480650
447,villanueva,15.3167,-88.0,29.55,70,40,2.06,HN,1697480650
448,chateaubriant,47.7167,-1.3833,11.84,39,86,4.96,FR,1697480650
449,ylitornio,66.3089,23.6773,1.91,89,100,4.37,FI,1697480651
450,zhangatas,43.5667,69.75,9.13,43,0,6.51,KZ,1697480651
451,priob'ye,62.5206,65.5964,8.31,88,68,2.6,RU,1697480651
452,gannan,47.9147,123.5031,4.94,34,26,1.47,CN,1697480651
453,selkirk,50.1436,-96.8845,15.04,57,15,1.79,CA,1697480651
454,tezu,27.9167,96.1667,20.93,70,1,1.72,IN,1697480652
455,whistler,50.1164,-122.9695,9.2,100,100,0.0,CA,1697480652
456,port alberni,49.2413,-124.8028,15.52,95,100,2.68,CA,1697480652
457,morant bay,17.8815,-76.4093,31.79,73,87,2.71,JM,1697480652
458,shache,38.4167,77.2406,15.95,26,100,1.26,CN,1697480652
459,emerald,-23.5333,148.1667,23.52,29,30,5.78,AU,1697480463
460,charlottetown,46.2352,-63.1267,10.43,95,100,8.23,CA,1697480653
461,kaifeng,34.7911,114.3483,16.93,54,0,2.26,CN,1697480653
462,loushanguan,28.1375,106.82,15.48,83,9,2.03,CN,1697480653
463,suileng,47.25,127.0833,1.84,45,3,1.84,CN,1697480653
464,vysokiy,58.35,60.05,10.36,80,41,4.88,RU,1697480654
465,whakatane,-37.9585,176.9854,13.76,96,99,4.05,NZ,1697480654
466,tadine,-21.55,167.8833,22.35,83,98,5.74,NC,1697480654
467,saint-joseph,-21.3667,55.6167,24.21,88,54,1.15,RE,1697480654
468,as sulayyil,20.4607,45.5779,28.14,11,1,3.21,SA,1697480655
469,saint-philippe,-21.3585,55.7679,24.77,87,61,1.39,RE,1697480655
470,arar,30.9753,41.0381,24.01,25,0,5.14,SA,1697480655
471,antonio enes,-16.2325,39.9086,26.2,81,20,8.5,MZ,1697480655
472,shaowu,27.3409,117.4831,15.59,76,1,0.68,CN,1697480655
473,jimo,36.3897,120.4622,10.88,76,0,2.0,CN,1697480656
474,gandajika,-6.75,23.95,23.96,67,97,1.46,CD,1697480656
475,usinsk,65.9939,57.5281,2.26,99,98,7.15,RU,1697480656
476,saint-francois,46.4154,3.9054,10.92,72,0,3.6,FR,1697480656
477,fuglafjordur,62.244,-6.814,10.26,91,100,10.35,FO,1697480657
478,bushehr,28.9684,50.8385,29.05,74,0,4.12,IR,1697480657
479,karoi,-16.8099,29.6925,23.9,56,57,3.19,ZW,1697480657
480,lerwick,60.1545,-1.1494,10.0,84,100,9.92,GB,1697480657
481,howard springs,-12.497,131.047,24.95,86,19,1.95,AU,1697480658
482,tomatlan,19.9333,-105.25,32.26,55,100,1.55,MX,1697480658
483,itupiranga,-5.1347,-49.3267,33.18,36,62,1.78,BR,1697480425
484,al harithah,30.7186,47.7208,24.98,38,40,5.14,IQ,1697480658
485,cauquenes,-35.9671,-72.3225,18.46,40,0,5.43,CL,1697480658
486,port augusta,-32.5,137.7667,8.89,69,0,3.03,AU,1697480659
487,shankargarh,25.1833,81.6167,24.68,56,17,2.72,IN,1697480659
488,mogadishu,2.0371,45.3438,26.79,87,100,4.66,SO,1697480659
489,san andres,12.5847,-81.7006,33.01,66,40,4.12,CO,1697480659
490,salalah,17.0151,54.0924,27.05,78,20,2.06,OM,1697480659
491,prince rupert,54.3161,-130.3201,13.05,91,100,6.17,CA,1697480660
492,salym,60.0625,71.4789,10.18,95,100,3.18,RU,1697480660
493,kodinsk,58.6881,99.1844,4.69,88,95,2.99,RU,1697480660
494,statesboro,32.4488,-81.7832,18.74,51,75,4.63,US,1697480660
495,remire-montjoly,4.9167,-52.2667,34.02,49,0,7.72,GF,1697480661
496,n'zeto,-7.2312,12.8666,25.34,84,53,3.52,AO,1697480661
497,izazi,-7.2,35.7333,28.9,42,100,3.14,TZ,1697480661
498,bardai,11.65,7.2333,27.37,32,98,2.37,NG,1697480661
499,chonchi,-42.6128,-73.8092,13.56,49,38,2.33,CL,1697480662
500,galveston,29.3669,-94.9669,21.77,54,0,6.17,US,1697480662
501,grasberg,53.1833,8.9833,8.97,91,99,0.95,DE,1697480662
502,yaren,-0.5472,166.916,28.24,75,99,5.75,NR,1697480662
503,hoemul-li,41.4339,129.67,9.47,39,1,2.71,KP,1697480662
504,tarutyne,46.1858,29.1506,8.02,57,1,3.9,UA,1697480663
505,benguela,-12.5763,13.4055,23.38,80,59,0.96,AO,1697480663
506,fujin,47.26,132.0322,2.08,50,3,7.2,CN,1697480663
507,peniche,39.3558,-9.3811,22.94,86,59,11.17,PT,1697480663
508,ketchikan,55.3422,-131.6461,12.99,94,100,5.14,US,1697480663
509,ostersund,63.1792,14.6357,3.25,81,20,4.63,SE,1697480664
510,sadaseopet,17.6167,77.95,23.13,73,3,1.97,IN,1697480664
511,fredericton,45.9454,-66.6656,11.47,90,100,3.09,CA,1697480544
512,prado,-17.3411,-39.2208,26.75,62,25,4.32,BR,1697480664
513,pilar,-9.5972,-35.9567,27.96,59,49,4.52,BR,1697480664
514,thinadhoo,0.5333,72.9333,27.7,77,18,8.36,MV,1697480665
515,puerto cabello,10.4731,-68.0125,33.75,64,100,3.06,VE,1697480561
516,hami,42.8,93.45,11.41,32,40,1.46,CN,1697480665
517,necochea,-38.5473,-58.7368,16.13,72,69,5.88,AR,1697480665
518,hajipur,25.6833,85.2167,26.99,89,40,1.54,IN,1697480665
519,essaouira,31.5125,-9.77,26.72,50,75,0.0,MA,1697480666
520,garoua boulai,5.8833,14.55,18.83,95,66,1.13,CM,1697480666
521,kasese,0.1833,30.0833,20.35,92,99,1.04,UG,1697480666
522,juan griego,11.0817,-63.9655,34.07,49,15,4.63,VE,1697480666
523,nizhneangarsk,55.7833,109.55,3.33,72,100,4.47,RU,1697480666
524,shimokizukuri,40.8061,140.3861,14.18,52,95,9.68,JP,1697480667
525,ismailia,30.6043,32.2723,23.51,65,49,3.71,EG,1697480667
526,jabat,7.75,168.9751,28.36,75,19,4.9,MH,1697480667
527,conception bay south,47.4999,-52.9981,11.62,97,100,9.94,CA,1697480667
528,labrador city,52.9463,-66.9114,4.95,60,40,5.14,CA,1697480667
529,mujiayingzi,42.1167,118.7833,8.77,34,13,3.34,CN,1697480668
530,colchani,-20.3,-66.9333,20.76,18,15,8.69,BO,1697480668
531,oriximina,-1.7656,-55.8661,35.94,36,53,2.86,BR,1697480668
532,jutai,-5.1833,-68.9,32.69,53,96,1.27,BR,1697480668
533,westport,41.1415,-73.3579,17.93,58,100,5.66,US,1697480663
534,kittila,67.6647,24.8936,1.45,80,75,4.63,FI,1697480669
535,cockburn town,21.4612,-71.1419,29.31,68,43,2.8,TC,1697480669
536,yung shue wan,22.2333,114.1167,26.68,66,94,1.34,HK,1697480669
537,kushva,58.2906,59.7592,10.04,81,47,5.29,RU,1697480670
538,kirchseeon,48.0714,11.8888,5.77,87,50,0.45,DE,1697480670
539,trinidad,-14.8333,-64.9,36.99,44,20,5.14,BO,1697480671
540,howrah,22.5892,88.3103,28.0,78,20,0.0,IN,1697480671
541,choma,-16.8065,26.9531,22.34,73,100,2.12,ZM,1697480671
542,dolinsk,47.35,142.8,3.73,86,18,2.84,RU,1697480671
543,cox's bazar,21.4532,91.9798,23.05,88,4,2.38,BD,1697480672
544,mount isa,-20.7333,139.5,22.87,21,3,9.77,AU,1697480672
545,shira,54.4911,89.9531,4.8,65,99,6.25,RU,1697480480
546,kesinga,20.2,83.2333,22.47,69,5,1.14,IN,1697480672
547,kirkwall,58.9848,-2.9587,10.54,76,75,5.14,GB,1697480673
548,moroni,-11.7022,43.2551,25.47,88,71,0.57,KM,1697480673
549,iskateley,67.6803,53.1512,3.9,93,95,5.81,RU,1697480673
550,formosa,-26.1775,-58.1781,40.54,30,75,7.2,AR,1697480673
551,urengoy,65.9667,78.3667,1.17,97,100,1.79,RU,1697480674
552,viet tri,21.3019,105.4308,23.97,78,58,1.65,VN,1697480674
553,guiuan,11.0333,125.7247,27.7,79,74,3.69,PH,1697480674
554,kyaikto,17.3,97.0167,25.3,87,37,0.88,MM,1697480674
555,fisterra,42.9049,-9.2629,21.53,83,100,14.16,ES,1697480674
